{"results":[{"id":1,"type":0,"chal":1,"hint":"Try to find a reference or clue behind the scenes. Or simply guess what URL the Score Board might have.","cost":10},{"id":10001,"type":0,"chal":1,"hint":"https://bkimminich.gitbooks.io/pwning-owasp-juice-shop/content/part2/score-board.html#find-the-carefully-hidden-score-board-page","cost":20},{"id":2,"type":0,"chal":2,"hint":"Try to find and attack an endpoint that responds with user information. SQL Injection is not the solution here.","cost":100},{"id":10002,"type":0,"chal":2,"hint":"https://bkimminich.gitbooks.io/pwning-owasp-juice-shop/content/part2/sensitive-data-exposure.html#perform-an-unwanted-information-disclosure-by-accessing-data-cross-domain","cost":200},{"id":3,"type":0,"chal":3,"hint":"Try to submit bad input to forms. Alternatively tamper with URL paths or parameters.","cost":10},{"id":10003,"type":0,"chal":3,"hint":"https://bkimminich.gitbooks.io/pwning-owasp-juice-shop/content/part2/security-misconfiguration.html#provoke-an-error-that-is-not-very-gracefully-handled","cost":20},{"id":4,"type":0,"chal":4,"hint":"Observe the flow of product review posting and editing and see if you can exploit it.","cost":45},{"id":10004,"type":0,"chal":4,"hint":"https://bkimminich.gitbooks.io/pwning-owasp-juice-shop/content/part2/broken-access-control.html#post-a-product-review-as-another-user-or-edit-any-users-existing-review","cost":90},{"id":5,"type":0,"chal":5,"hint":"Try different SQL Injection attack patterns depending whether you know the admin's email address or not.","cost":25},{"id":10005,"type":0,"chal":5,"hint":"https://bkimminich.gitbooks.io/pwning-owasp-juice-shop/content/part2/injection.html#log-in-with-the-administrators-user-account","cost":50},{"id":6,"type":0,"chal":6,"hint":"Try cracking Jim's password hash if you harvested it already. Alternatively, if you know Jim's email address, try SQL Injection.","cost":45},{"id":10006,"type":0,"chal":6,"hint":"https://bkimminich.gitbooks.io/pwning-owasp-juice-shop/content/part2/injection.html#log-in-with-jims-user-account","cost":90},{"id":7,"type":0,"chal":7,"hint":"If you know Bender's email address, try SQL Injection. Bender's password hash might not help you very much.","cost":45},{"id":10007,"type":0,"chal":7,"hint":"https://bkimminich.gitbooks.io/pwning-owasp-juice-shop/content/part2/injection.html#log-in-with-benders-user-account","cost":90},{"id":8,"type":0,"chal":8,"hint":"This one should be equally easy to a) brute force, b) crack the password hash or c) simply guess.","cost":25},{"id":10008,"type":0,"chal":8,"hint":"https://bkimminich.gitbooks.io/pwning-owasp-juice-shop/content/part2/broken-authentication.html#log-in-with-the-administrators-user-credentials-without-previously-changing-them-or-applying-sql-injection","cost":50},{"id":9,"type":0,"chal":9,"hint":"Once you found admin section of the application, this challenge is almost trivial.","cost":25},{"id":10009,"type":0,"chal":9,"hint":"https://bkimminich.gitbooks.io/pwning-owasp-juice-shop/content/part2/broken-access-control.html#get-rid-of-all-5-star-customer-feedback","cost":50},{"id":10,"type":0,"chal":10,"hint":"You can solve this by tampering with the user interface or by intercepting the communication with the RESTful backend.","cost":45},{"id":10010,"type":0,"chal":10,"hint":"https://bkimminich.gitbooks.io/pwning-owasp-juice-shop/content/part2/broken-access-control.html#post-some-feedback-in-another-users-name","cost":90},{"id":11,"type":0,"chal":11,"hint":"We might have failed to take this out of our code properly.","cost":10},{"id":10011,"type":0,"chal":11,"hint":"https://bkimminich.gitbooks.io/pwning-owasp-juice-shop/content/part2/forgotten-content.html#let-us-redirect-you-to-a-donation-site-that-went-out-of-business","cost":20},{"id":12,"type":0,"chal":12,"hint":"You have to find a way to beat the whitelist of allowed redirect URLs.","cost":70},{"id":10012,"type":0,"chal":12,"hint":"https://bkimminich.gitbooks.io/pwning-owasp-juice-shop/content/part2/roll-your-own-security.html#wherever-you-go-there-you-are","cost":140},{"id":13,"type":0,"chal":13,"hint":"Have an eye on the HTTP traffic while shopping. Alternatively try to find a client-side association of users to their basket.","cost":25},{"id":10013,"type":0,"chal":13,"hint":"https://bkimminich.gitbooks.io/pwning-owasp-juice-shop/content/part2/broken-access-control.html#access-someone-elses-basket","cost":50},{"id":14,"type":0,"chal":14,"hint":"Have an eye on the HTTP traffic while adding items to basket.","cost":45},{"id":10014,"type":0,"chal":14,"hint":"https://bkimminich.gitbooks.io/pwning-owasp-juice-shop/content/part2/broken-access-control.html#manipulate-someone-elses-basket","cost":90},{"id":15,"type":0,"chal":15,"hint":"You literally need to make the shop owe you any amount of money.","cost":45},{"id":10015,"type":0,"chal":15,"hint":"https://bkimminich.gitbooks.io/pwning-owasp-juice-shop/content/part2/improper-input-validation.html#place-an-order-that-makes-you-rich","cost":90},{"id":16,"type":0,"chal":16,"hint":"Analyze and tamper with links in the application that deliver a file directly.","cost":10},{"id":10016,"type":0,"chal":16,"hint":"https://bkimminich.gitbooks.io/pwning-owasp-juice-shop/content/part2/sensitive-data-exposure.html#access-a-confidential-document","cost":20},{"id":17,"type":0,"chal":17,"hint":"You need to trick a security mechanism into thinking that the file you want has a valid file type.","cost":70},{"id":10017,"type":0,"chal":17,"hint":"https://bkimminich.gitbooks.io/pwning-owasp-juice-shop/content/part2/roll-your-own-security.html#access-a-developers-forgotten-backup-file","cost":140},{"id":18,"type":0,"chal":18,"hint":"You need to trick a security mechanism into thinking that the file you want has a valid file type.","cost":45},{"id":10018,"type":0,"chal":18,"hint":"https://bkimminich.gitbooks.io/pwning-owasp-juice-shop/content/part2/security-misconfiguration.html#access-a-salesmans-forgotten-backup-file","cost":90},{"id":19,"type":0,"chal":19,"hint":"It is just slightly harder to find than the score board link.","cost":10},{"id":10019,"type":0,"chal":19,"hint":"https://bkimminich.gitbooks.io/pwning-owasp-juice-shop/content/part2/broken-access-control.html#access-the-administration-section-of-the-store","cost":20},{"id":20,"type":0,"chal":20,"hint":"Look for one of the following: a) broken admin functionality, b) holes in RESTful API or c) possibility for SQL Injection.","cost":45},{"id":10020,"type":0,"chal":20,"hint":"https://bkimminich.gitbooks.io/pwning-owasp-juice-shop/content/part2/broken-access-control.html#change-the-href-of-the-link-within-the-o-saft-product-description","cost":90},{"id":21,"type":0,"chal":21,"hint":"Report one of two possible answers via the \"Contact Us\" form. Do not forget to submit the library's version as well.","cost":70},{"id":10021,"type":0,"chal":21,"hint":"https://bkimminich.gitbooks.io/pwning-owasp-juice-shop/content/part2/vulnerable-components.html#inform-the-shop-about-a-vulnerable-library-it-is-using","cost":140},{"id":22,"type":0,"chal":22,"hint":"Report one of four possible answers via the \"Contact Us\" form.","cost":25},{"id":10022,"type":0,"chal":22,"hint":"https://bkimminich.gitbooks.io/pwning-owasp-juice-shop/content/part2/sensitive-data-exposure.html#inform-the-shop-about-an-algorithm-or-library-it-should-definitely-not-use-the-way-it-does","cost":50},{"id":23,"type":0,"chal":23,"hint":"If you solved one of the three file access challenges, you already know where to find the easter egg.","cost":70},{"id":10023,"type":0,"chal":23,"hint":"https://bkimminich.gitbooks.io/pwning-owasp-juice-shop/content/part2/roll-your-own-security.html#find-the-hidden-easter-egg","cost":140},{"id":24,"type":0,"chal":24,"hint":"You might have to peel through several layers of tough-as-nails encryption for this challenge.","cost":70},{"id":10024,"type":0,"chal":24,"hint":"https://bkimminich.gitbooks.io/pwning-owasp-juice-shop/content/part2/security-through-obscurity.html#apply-some-advanced-cryptanalysis-to-find-the-real-easter-egg","cost":140},{"id":25,"type":0,"chal":25,"hint":"Try either a) a knowledgable brute force attack or b) reverse engineering.","cost":135},{"id":10025,"type":0,"chal":25,"hint":"https://bkimminich.gitbooks.io/pwning-owasp-juice-shop/content/part2/sensitive-data-exposure.html#forge-a-coupon-code-that-gives-you-a-discount-of-at-least-80","cost":270},{"id":26,"type":0,"chal":26,"hint":"You can attach a small file to the \"File Complaint\" form. Investigate how this upload actually works.","cost":45},{"id":10026,"type":0,"chal":26,"hint":"https://bkimminich.gitbooks.io/pwning-owasp-juice-shop/content/part2/improper-input-validation.html#upload-a-file-larger-than-100-kb","cost":90},{"id":27,"type":0,"chal":27,"hint":"You can attach a PDF file to the \"File Complaint\" form. Investigate how this upload actually works.","cost":45},{"id":10027,"type":0,"chal":27,"hint":"https://bkimminich.gitbooks.io/pwning-owasp-juice-shop/content/part2/improper-input-validation.html#upload-a-file-that-has-no-pdf-extension","cost":90},{"id":28,"type":0,"chal":28,"hint":"Look out for a tweet praising new functionality of the web shop.","cost":135},{"id":10028,"type":0,"chal":28,"hint":"https://bkimminich.gitbooks.io/pwning-owasp-juice-shop/content/part2/vulnerable-components.html#overwrite-the-legal-information-file","cost":270},{"id":29,"type":0,"chal":29,"hint":"Brute force is not the only option for this challenge, but a perfectly viable one.","cost":100},{"id":10029,"type":0,"chal":29,"hint":"https://bkimminich.gitbooks.io/pwning-owasp-juice-shop/content/part2/forgotten-content.html#retrieve-the-language-file-that-never-made-it-into-production","cost":200},{"id":30,"type":0,"chal":30,"hint":"After finding a CAPTCHA bypass, write a script that automates feedback submission. Or open many browser tabs and be really quick.","cost":100},{"id":10030,"type":0,"chal":30,"hint":"https://bkimminich.gitbooks.io/pwning-owasp-juice-shop/content/part2/roll-your-own-security.html#submit-10-or-more-customer-feedbacks-within-10-seconds","cost":200},{"id":31,"type":0,"chal":31,"hint":"Before you invest time bypassing the API, you might want to play around with the UI a bit.","cost":10},{"id":10031,"type":0,"chal":31,"hint":"https://bkimminich.gitbooks.io/pwning-owasp-juice-shop/content/part2/improper-input-validation.html#give-a-devastating-zero-star-feedback-to-the-store","cost":20},{"id":32,"type":0,"chal":32,"hint":"You need to trick the hacking progress persistence feature into thinking you solved challenge #999.","cost":135},{"id":10032,"type":0,"chal":32,"hint":"https://bkimminich.gitbooks.io/pwning-owasp-juice-shop/content/part2/sensitive-data-exposure.html#solve-challenge-999","cost":270},{"id":33,"type":0,"chal":33,"hint":"The security flaw behind this challenge is 100% Juice Shop's fault and 0% Google's.","cost":70},{"id":10033,"type":0,"chal":33,"hint":"https://bkimminich.gitbooks.io/pwning-owasp-juice-shop/content/part2/broken-authentication.html#log-in-with-bjoerns-gmail-account","cost":140},{"id":34,"type":0,"chal":34,"hint":"Don't try to beat Google's OAuth 2.0 service. Rather investigate implementation flaws on Juice Shop's end.","cost":100},{"id":10034,"type":0,"chal":34,"hint":"https://bkimminich.gitbooks.io/pwning-owasp-juice-shop/content/part2/broken-authentication.html#exploit-oauth-20-to-log-in-with-the-cisos-user-account","cost":200},{"id":35,"type":0,"chal":35,"hint":"The underlying flaw of this challenge is a lot more human error than technical weakness.","cost":135},{"id":10035,"type":0,"chal":35,"hint":"https://bkimminich.gitbooks.io/pwning-owasp-juice-shop/content/part2/security-misconfiguration.html#log-in-with-the-support-teams-original-user-credentials","cost":270},{"id":36,"type":0,"chal":36,"hint":"You should listen to MC's hit song \"Protect Ya Passwordz\".","cost":25},{"id":10036,"type":0,"chal":36,"hint":"https://bkimminich.gitbooks.io/pwning-owasp-juice-shop/content/part2/sensitive-data-exposure.html#log-in-with-mc-safesearchs-original-user-credentials","cost":50},{"id":37,"type":0,"chal":37,"hint":"You do not have to pay anything to unlock this challenge! Nonetheless, donations are very much appreciated.","cost":135},{"id":10037,"type":0,"chal":37,"hint":"https://bkimminich.gitbooks.io/pwning-owasp-juice-shop/content/part2/sensitive-data-exposure.html#unlock-premium-challenge-to-access-exclusive-content","cost":270},{"id":38,"type":0,"chal":38,"hint":"It's hard for celebrities to pick a security question from a hard-coded list where the answer is not publicly exposed.","cost":45},{"id":10038,"type":0,"chal":38,"hint":"https://bkimminich.gitbooks.io/pwning-owasp-juice-shop/content/part2/broken-authentication.html#reset-jims-password-via-the-forgot-password-mechanism","cost":90},{"id":39,"type":0,"chal":39,"hint":"Not as trivial as Jim's but still not too difficult with some \"Futurama\" background knowledge.","cost":70},{"id":10039,"type":0,"chal":39,"hint":"https://bkimminich.gitbooks.io/pwning-owasp-juice-shop/content/part2/broken-authentication.html#reset-benders-password-via-the-forgot-password-mechanism","cost":140},{"id":40,"type":0,"chal":40,"hint":"Find a way to bypass the rate limiting and brute force the obfuscated answer to Morty's security question.","cost":100},{"id":10040,"type":0,"chal":40,"hint":"https://bkimminich.gitbooks.io/pwning-owasp-juice-shop/content/part2/security-misconfiguration.html#reset-mortys-password-via-the-forgot-password-mechanism","cost":200},{"id":41,"type":0,"chal":41,"hint":"Nothing a little bit of Facebook stalking couldn't reveal. Might involve a historical twist.","cost":100},{"id":10041,"type":0,"chal":41,"hint":"https://bkimminich.gitbooks.io/pwning-owasp-juice-shop/content/part2/broken-authentication.html#reset-the-password-of-bjoerns-internal-account-via-the-forgot-password-mechanism","cost":200},{"id":42,"type":0,"chal":42,"hint":"This challenge is essentially a stripped-down Denial of Service (DoS) attack.","cost":70},{"id":10042,"type":0,"chal":42,"hint":"https://bkimminich.gitbooks.io/pwning-owasp-juice-shop/content/part2/injection.html#let-the-server-sleep-for-some-time","cost":140},{"id":43,"type":0,"chal":43,"hint":"Take a close look on how the equivalent of UPDATE-statements in MongoDB work.","cost":70},{"id":10043,"type":0,"chal":43,"hint":"https://bkimminich.gitbooks.io/pwning-owasp-juice-shop/content/part2/injection.html#update-multiple-product-reviews-at-the-same-time","cost":140},{"id":44,"type":0,"chal":44,"hint":"Take a close look on how the $where query operator works in MongoDB.","cost":100},{"id":10044,"type":0,"chal":44,"hint":"https://bkimminich.gitbooks.io/pwning-owasp-juice-shop/content/part2/injection.html#all-your-orders-are-belong-to-us","cost":200},{"id":45,"type":0,"chal":45,"hint":"The product you might want to give a closer look is the OWASP Juice Shop Logo (3D-printed).","cost":100},{"id":10045,"type":0,"chal":45,"hint":"https://bkimminich.gitbooks.io/pwning-owasp-juice-shop/content/part2/forgotten-content.html#deprive-the-shop-of-earnings-by-downloading-the-blueprint-for-one-of-its-products","cost":200},{"id":46,"type":0,"chal":46,"hint":"This challenge has nothing to do with URLs or domains. Investigate the forgotten developer's backup file instead.","cost":70},{"id":10046,"type":0,"chal":46,"hint":"https://bkimminich.gitbooks.io/pwning-owasp-juice-shop/content/part2/vulnerable-components.html#inform-the-shop-about-a-typosquatting-trick-it-has-become-victim-of","cost":140},{"id":47,"type":0,"chal":47,"hint":"This challenge has nothing to do with URLs or domains. There is no conveniently misplaced file helping you with this one. Or is there?","cost":100},{"id":10047,"type":0,"chal":47,"hint":"https://bkimminich.gitbooks.io/pwning-owasp-juice-shop/content/part2/vulnerable-components.html#inform-the-shop-about-a-more-sneaky-instance-of-typosquatting-it-fell-for","cost":200},{"id":48,"type":0,"chal":48,"hint":"This challenge exploits a weird option that is supported when signing tokens with JWT.","cost":100},{"id":10048,"type":0,"chal":48,"hint":"https://bkimminich.gitbooks.io/pwning-owasp-juice-shop/content/part2/vulnerable-components.html#forge-an-essentially-unsigned-jwt-token","cost":200},{"id":49,"type":0,"chal":49,"hint":"This challenge is explicitly not about acquiring the RSA private key used for JWT signing.","cost":135},{"id":10049,"type":0,"chal":49,"hint":"https://bkimminich.gitbooks.io/pwning-owasp-juice-shop/content/part2/vulnerable-components.html#forge-an-almost-properly-rsa-signed-jwt-token","cost":270},{"id":50,"type":0,"chal":50,"hint":"You need to trick a security mechanism into thinking that the file you want has a valid file type.","cost":70},{"id":10050,"type":0,"chal":50,"hint":"https://bkimminich.gitbooks.io/pwning-owasp-juice-shop/content/part2/roll-your-own-security.html#access-a-misplaced-siem-signature-file","cost":140},{"id":51,"type":0,"chal":51,"hint":"The developers who disabled the interface think they could go invisible by just closing their eyes.","cost":25},{"id":10051,"type":0,"chal":51,"hint":"https://bkimminich.gitbooks.io/pwning-owasp-juice-shop/content/part2/forgotten-content.html#use-a-deprecated-b2b-interface-that-was-not-properly-shut-down","cost":50},{"id":52,"type":0,"chal":52,"hint":"The leverage point for this challenge is the deprecated B2B interface.","cost":45},{"id":10052,"type":0,"chal":52,"hint":"https://bkimminich.gitbooks.io/pwning-owasp-juice-shop/content/part2/xxe.html#retrieve-the-content-of-cwindowssystemini-or-etcpasswd-from-the-server","cost":90},{"id":53,"type":0,"chal":53,"hint":"It is not as easy as sending a large amount of data directly to the deprecated B2B interface.","cost":100},{"id":10053,"type":0,"chal":53,"hint":"https://bkimminich.gitbooks.io/pwning-owasp-juice-shop/content/part2/xxe.html#give-the-server-something-to-chew-on-for-quite-a-while","cost":200},{"id":54,"type":0,"chal":54,"hint":"The feature you need to exploit for this challenge is not directly advertised anywhere.","cost":100},{"id":10054,"type":0,"chal":54,"hint":"https://bkimminich.gitbooks.io/pwning-owasp-juice-shop/content/part2/insecure-deserialization.html#perform-a-remote-code-execution-that-would-keep-a-less-hardened-application-busy-forever","cost":200},{"id":55,"type":0,"chal":55,"hint":"Your attack payload must not trigger the protection against too many iterations.","cost":135},{"id":10055,"type":0,"chal":55,"hint":"https://bkimminich.gitbooks.io/pwning-owasp-juice-shop/content/part2/insecure-deserialization.html#perform-a-remote-code-execution-that-occupies-the-server-for-a-while-without-using-infinite-loops","cost":270},{"id":56,"type":0,"chal":56,"hint":"The developers truly believe in \"Security through Obscurity\" over actual access restrictions.","cost":45},{"id":10056,"type":0,"chal":56,"hint":"https://bkimminich.gitbooks.io/pwning-owasp-juice-shop/content/part2/security-through-obscurity.html#learn-about-the-token-sale-before-its-official-announcement","cost":90},{"id":57,"type":0,"chal":57,"hint":"Undoubtably you want to read our security policy before conducting any research on our application.","cost":25},{"id":10057,"type":0,"chal":57,"hint":"https://bkimminich.gitbooks.io/pwning-owasp-juice-shop/content/part2/roll-your-own-security.html#behave-like-any-white-hat-should","cost":50},{"id":58,"type":0,"chal":58,"hint":"No matter how good your eyes are, you will need tool assistance for this challenge.","cost":70},{"id":10058,"type":0,"chal":58,"hint":"https://bkimminich.gitbooks.io/pwning-owasp-juice-shop/content/part2/security-through-obscurity.html#rat-out-a-notorious-character-hiding-in-plain-sight-in-the-shop","cost":140},{"id":59,"type":0,"chal":59,"hint":"This vulnerability will not affect any customer of the shop. It is aimed exclusively at its developers.","cost":100},{"id":10059,"type":0,"chal":59,"hint":"https://bkimminich.gitbooks.io/pwning-owasp-juice-shop/content/part2/broken-authentication.html#inform-the-development-team-about-a-danger-to-some-of-their-credentials","cost":200},{"id":60,"type":0,"chal":60,"hint":"Find out how the application handles unavailable products and try to find a loophole.","cost":70},{"id":10060,"type":0,"chal":60,"hint":"https://bkimminich.gitbooks.io/pwning-owasp-juice-shop/content/part2/injection.html#order-the-christmas-special-offer-of-2014","cost":140},{"id":61,"type":0,"chal":61,"hint":"Craft a UNION SELECT attack string against an endpoint that offers an unnecessary way to filter data.","cost":70},{"id":10061,"type":0,"chal":61,"hint":"https://bkimminich.gitbooks.io/pwning-owasp-juice-shop/content/part2/injection.html#retrieve-a-list-of-all-user-credentials-via-sql-injection","cost":140},{"id":62,"type":0,"chal":62,"hint":"Assign the unassignable.","cost":45},{"id":10062,"type":0,"chal":62,"hint":"https://bkimminich.gitbooks.io/pwning-owasp-juice-shop/content/part2/improper-input-validation.html#get-registered-as-admin-user","cost":90},{"id":63,"type":0,"chal":63,"hint":"Look for an input field where its content appears in the response HTML when its form is submitted.","cost":10},{"id":10063,"type":0,"chal":63,"hint":"https://bkimminich.gitbooks.io/pwning-owasp-juice-shop/content/part2/xss.html#perform-a-reflected-xss-attack","cost":20},{"id":64,"type":0,"chal":64,"hint":"Look for an input field where its content appears in the HTML when its form is submitted.","cost":10},{"id":10064,"type":0,"chal":64,"hint":"https://bkimminich.gitbooks.io/pwning-owasp-juice-shop/content/part2/xss.html#perform-a-reflected-xss-attack","cost":20},{"id":65,"type":0,"chal":65,"hint":"Only some input fields validate their input. Even less of these are persisted in a way where their content is shown on another screen.","cost":45},{"id":10065,"type":0,"chal":65,"hint":"https://bkimminich.gitbooks.io/pwning-owasp-juice-shop/content/part2/xss.html#perform-a-persisted-xss-attack-bypassing-a-client-side-security-mechanism","cost":90},{"id":66,"type":0,"chal":66,"hint":"You need to work with the server-side API directly. Try different HTTP verbs on different entities exposed through the API.","cost":45},{"id":10066,"type":0,"chal":66,"hint":"https://bkimminich.gitbooks.io/pwning-owasp-juice-shop/content/part2/xss.html#perform-a-persisted-xss-attack-without-using-the-frontend-application-at-all","cost":90},{"id":67,"type":0,"chal":67,"hint":"The \"Comment\" field in the \"Contact Us\" screen is where you want to put your focus on.","cost":70},{"id":10067,"type":0,"chal":67,"hint":"https://bkimminich.gitbooks.io/pwning-owasp-juice-shop/content/part2/xss.html#perform-a-persisted-xss-attack-bypassing-a-server-side-security-mechanism","cost":140},{"id":68,"type":0,"chal":68,"hint":"The fact that the name of this challenge is \"CSRF\" is already a huge hint.","cost":100},{"id":10068,"type":0,"chal":68,"hint":"https://bkimminich.gitbooks.io/pwning-owasp-juice-shop/content/part2/broken-authentication.html#change-benders-password-into-slurmcl4ssic-without-using-sql-injection","cost":200},{"id":69,"type":0,"chal":69,"hint":"Finding a piece of displayed information that could originate from an HTTP header is the part of this challenge.","cost":70},{"id":10069,"type":0,"chal":69,"hint":"https://bkimminich.gitbooks.io/pwning-owasp-juice-shop/content/part2/xss.html#perform-a-persisted-xss-attack-through-an-http-header","cost":140},{"id":70,"type":0,"chal":70,"hint":"Punctuality is the politeness of kings.","cost":135},{"id":10070,"type":0,"chal":70,"hint":"https://bkimminich.gitbooks.io/pwning-owasp-juice-shop/content/part2/race-condition.html#like-any-review-at-least-three-times-as-the-same-user","cost":270},{"id":71,"type":0,"chal":71,"hint":"The search for a personal identity is the life of a man.","cost":135},{"id":10071,"type":0,"chal":71,"hint":"https://bkimminich.gitbooks.io/pwning-owasp-juice-shop/content/part2/injection.html#infect-the-server-with-malware-by-abusing-arbitrary-command-execution","cost":270},{"id":72,"type":0,"chal":72,"hint":"Reverse the Bad and it gets Good again.","cost":135},{"id":10072,"type":0,"chal":72,"hint":"https://bkimminich.gitbooks.io/pwning-owasp-juice-shop/content/part2/broken-access-control.html#request-a-hidden-resource-on-server-through-server","cost":270},{"id":73,"type":0,"chal":73,"hint":"This challenge will make you go after a needle in a haystack.","cost":45},{"id":10073,"type":0,"chal":73,"hint":"https://bkimminich.gitbooks.io/pwning-owasp-juice-shop/content/part2/sensitive-data-exposure.html#log-in-with-amys-original-user-credentials","cost":90},{"id":74,"type":0,"chal":74,"hint":"He might have spoilered it on at least one occasion where a camera was running. Maybe elsewhere as well.","cost":45},{"id":10074,"type":0,"chal":74,"hint":"https://bkimminich.gitbooks.io/pwning-owasp-juice-shop/content/part2/broken-authentication.html#reset-the-password-of-bjoerns-owasp-account-via-the-forgot-password-mechanism","cost":90}]}