{"results":[{"id":1,"chal":1,"type":"static","flag":"b6241573f62172d3f62eeb242fe60b395ddaf116","data":null},{"id":2,"chal":2,"type":"static","flag":"ec8dfa792886b33aa21bb3659c2accbe17df3bf4","data":null},{"id":3,"chal":3,"type":"static","flag":"e7464265e71102f05bfecc984c90766190401984","data":null},{"id":4,"chal":4,"type":"static","flag":"1950bb5956aaf925ce206bc4560fb15e09aef39f","data":null},{"id":5,"chal":5,"type":"static","flag":"b1765a9d82790018faac7be0607699fa78794e46","data":null},{"id":6,"chal":6,"type":"static","flag":"6dd5ced655a9c7b3e7e7035ed4e8091d92317b2f","data":null},{"id":7,"chal":7,"type":"static","flag":"409911ccd29d352e2934bcb3c4f68737ebb7be9a","data":null},{"id":8,"chal":8,"type":"static","flag":"fcfe160eebd6cffb1de250601807b396308f7450","data":null},{"id":9,"chal":9,"type":"static","flag":"bcb718f28d508536b253f7b19d3fef5d641d7a42","data":null},{"id":10,"chal":10,"type":"static","flag":"86a771148d577f870d849554f5469d2ba97d8528","data":null},{"id":11,"chal":11,"type":"static","flag":"7fec2785c1a2022c09d175e10c4b76d06512e8c2","data":null},{"id":12,"chal":12,"type":"static","flag":"1bd6ea8a6c569a53703b6347d268514bdb109f16","data":null},{"id":13,"chal":13,"type":"static","flag":"126e605afba5a5f20809d9fae4949183dd9ccd4d","data":null},{"id":14,"chal":14,"type":"static","flag":"007dbea19d77f5b391a02b3d3ef6d01dc39f5c56","data":null},{"id":15,"chal":15,"type":"static","flag":"bd8a58a2d7f87a507af4bcd793d13d4c242115d0","data":null},{"id":16,"chal":16,"type":"static","flag":"e6ff71f37441627bb384295fd2850e60a6f6bf53","data":null},{"id":17,"chal":17,"type":"static","flag":"83826d0fdd4830fda095907e7551991c26818f1a","data":null},{"id":18,"chal":18,"type":"static","flag":"373a73b465861f349be1a82cb4681a4e98c8eaf7","data":null},{"id":19,"chal":19,"type":"static","flag":"0688ca152fd94d0b965df94de228874b71e806d5","data":null},{"id":20,"chal":20,"type":"static","flag":"7bf55be648570a2fdf15ca427de83f27e6027e88","data":null},{"id":21,"chal":21,"type":"static","flag":"21ac8e584c03e99a20844209099057119903e272","data":null},{"id":22,"chal":22,"type":"static","flag":"427f664dce7899e78ed1a20b192873728c0cf065","data":null},{"id":23,"chal":23,"type":"static","flag":"a2ccea064839c9c6630bb781b4c3eabd24a16a0b","data":null},{"id":24,"chal":24,"type":"static","flag":"900d937422587e43164262de9324c1c41f76f740","data":null},{"id":25,"chal":25,"type":"static","flag":"bf0d66d454959f5aab7e255ec00e65417d3196bf","data":null},{"id":26,"chal":26,"type":"static","flag":"79d734473edaa4518c7390bdece00d068f188d72","data":null},{"id":27,"chal":27,"type":"static","flag":"53e1c751d625e9869cd0bbfbc6558c6c9f94c917","data":null},{"id":28,"chal":28,"type":"static","flag":"6c46767d93910055e8273d806238d5e42b293c4c","data":null},{"id":29,"chal":29,"type":"static","flag":"3c807f0926b68d88b18354aff7d0932027c56674","data":null},{"id":30,"chal":30,"type":"static","flag":"012144ad34add1cc2cf402d8345d32e3cd41db93","data":null},{"id":31,"chal":31,"type":"static","flag":"013a30e1d013c2b51719d6ef54a5516b1d1c4ded","data":null},{"id":32,"chal":32,"type":"static","flag":"0ceb55cbf7f41591c537324bfcec810dc5be9b85","data":null},{"id":33,"chal":33,"type":"static","flag":"31a8c5cd3b30e98936a063216db7d98d58a7f4eb","data":null},{"id":34,"chal":34,"type":"static","flag":"fcb94ea3b171571fe8e39c6f0e168a76018af85e","data":null},{"id":35,"chal":35,"type":"static","flag":"7479e827c60b55c1d4edc66c4496cfa37e9c96a0","data":null},{"id":36,"chal":36,"type":"static","flag":"c69144291c8e569db02743097fff946364e4dc5b","data":null},{"id":37,"chal":37,"type":"static","flag":"68797ff1191d7dd66f2dbc0ef9667eaa90bac1a7","data":null},{"id":38,"chal":38,"type":"static","flag":"815f926b6d0342224f8a3f041ed0873a2a981231","data":null},{"id":39,"chal":39,"type":"static","flag":"6ad32df0079c03d9c708dd62dfbad976995a3ff4","data":null},{"id":40,"chal":40,"type":"static","flag":"79bc31e1818f08bab4cc5870fdb0040e2a4bc1d5","data":null},{"id":41,"chal":41,"type":"static","flag":"055826b2ebb23f71e3ec9ab88a16a417474949fd","data":null},{"id":42,"chal":42,"type":"static","flag":"729fd26462b4334d528ace579aa71b4e1240795f","data":null},{"id":43,"chal":43,"type":"static","flag":"cda5618eba625662dcf172ee3fdeda756f8ce3a5","data":null},{"id":44,"chal":44,"type":"static","flag":"7527f2244451636d936072d87a370bf4d21c56f1","data":null},{"id":45,"chal":45,"type":"static","flag":"e6829011a5aeccffd4ecb1e536f8d1b895df990d","data":null},{"id":46,"chal":46,"type":"static","flag":"6e284faf2bac5e9ee5ad9dffb22b73cd3cc92746","data":null},{"id":47,"chal":47,"type":"static","flag":"c87a7d60dde8cb8f76526a6dd28116accd82b028","data":null},{"id":48,"chal":48,"type":"static","flag":"d9dba490405aded1fc4939fb1e9a52ec6094a63d","data":null},{"id":49,"chal":49,"type":"static","flag":"38f56215408ee1b93bb6a588c0887627659f4b01","data":null},{"id":50,"chal":50,"type":"static","flag":"60a97ce89f8a9ff505caea58915143afe1008acc","data":null},{"id":51,"chal":51,"type":"static","flag":"4072cd6db83ac1c788d6de0e2e6edc0965d0b6b5","data":null},{"id":52,"chal":52,"type":"static","flag":"e274f030bb20bb44b5596eb6926406152bcdfffb","data":null},{"id":53,"chal":53,"type":"static","flag":"b76df061b65a9f6148bdab9dde28200478065c1b","data":null},{"id":54,"chal":54,"type":"static","flag":"4119494b6a5c2f72ef35290739bc214c1dc76bf9","data":null},{"id":55,"chal":55,"type":"static","flag":"7a6fdab649545fcb5f5e74b4656efe66bbb66d79","data":null},{"id":56,"chal":56,"type":"static","flag":"51cb677dd7eab9016108d294c5ad83a91a82036b","data":null},{"id":57,"chal":57,"type":"static","flag":"7657ab9c5e2c34525db33a3224e65f3028ba0d2c","data":null},{"id":58,"chal":58,"type":"static","flag":"8ffedbd0299f70151021cb8c9d1aa4a8bf1132ea","data":null},{"id":59,"chal":59,"type":"static","flag":"8a67293f8c0f0049dcf137c9019fef98a8c12650","data":null},{"id":60,"chal":60,"type":"static","flag":"a2c47c08f0ce74fa5f8279a0593c38fcee526eed","data":null},{"id":61,"chal":61,"type":"static","flag":"6a520249893cda9709758af546000db597cc4e55","data":null},{"id":62,"chal":62,"type":"static","flag":"e64273d032d402f6aa17c632a94a0d727d3a82ed","data":null},{"id":63,"chal":63,"type":"static","flag":"dbe95fdb7492b8f177057e991d59c609bb37cc7c","data":null},{"id":64,"chal":64,"type":"static","flag":"fa92e9d278a2ecefb5a6c7f735aeaf8e670603ec","data":null},{"id":65,"chal":65,"type":"static","flag":"b0d95c35a6db70631a363a334c6a352437d807f1","data":null},{"id":66,"chal":66,"type":"static","flag":"7858e170fa414664bf953dcbeedca047b52c56b8","data":null},{"id":67,"chal":67,"type":"static","flag":"d1e69af8414d1cc0628e91dce1c95ff2ef62e9d0","data":null},{"id":68,"chal":68,"type":"static","flag":"53581fb40ca85689e94431647488b6c8820c5186","data":null},{"id":69,"chal":69,"type":"static","flag":"24be45315ebc04e8ec2d1e98088aecb5360649e9","data":null},{"id":70,"chal":70,"type":"static","flag":"9faf10c9ffcf26e190df12d2968101467bbe1b1f","data":null},{"id":71,"chal":71,"type":"static","flag":"81b5434dad3d7a3033b04d90e8b83b4ce985c48a","data":null},{"id":72,"chal":72,"type":"static","flag":"f243be216bdcb3f1e1b307d13d10f835e37fcd6c","data":null},{"id":73,"chal":73,"type":"static","flag":"c31fc905ebad0d9aee3bf3cebd1a345a75b79fd8","data":null},{"id":74,"chal":74,"type":"static","flag":"3644beb35a89449e3f8aadf0ed018eaa2230b663","data":null}]}